Sentence,fuel,machine,others,part,price,service,clean_text,label_list,clean_sentence
Terios pang gagahna. Komo deui upami warna beureum metalik!,neutral,neutral,positive,positive,neutral,neutral,terios pang gagahna komo deui upami warna beureum metalik,"['others', 'part']",terios pang gagahna komo deui upam warna beureum metalik
"Abdi maké Mobilio. Numutkeun abdi, leres pisan fun to drive, raoseun dipakéna.",neutral,neutral,positive,neutral,neutral,neutral,abdi maké mobilio numutkeun abdi leres pisan fun to drive raoseun dipakéna,['others'],abdi mak mobilio numutkeun abdi les pis fun to drive raoseun dipakna
"Sanajan desainna sporty, lamun tingkat kanyamanan mobil naék, pasti raoseun ogé.",neutral,neutral,negative,positive,neutral,neutral,sanajan desainna sporty lamun tingkat kanyamanan mobil naék pasti raoseun ogé,['part'],sanajan desainna sporty lamun tingkat kanyamanan mobil nak pasti raoseun og
Xpander laris pisan di pasar Indonesia,neutral,neutral,positive,neutral,neutral,neutral,xpander laris pisan di pasar indonesia,['others'],xpander laris pis di pasar indonesia
"Lamun rék sadayana nyaman, maké Avanza wé, akang.",neutral,neutral,positive,neutral,neutral,neutral,lamun rék sadayana nyaman maké avanza wé akang,['others'],lamun rk sadayana nyaman mak avanza w akang
"Lamun keur mahasiswa, leuwih hadé maké Vario wé.",neutral,neutral,positive,neutral,neutral,neutral,lamun keur mahasiswa leuwih hadé maké vario wé,['others'],lamun keur mahasiswa leuwih had mak vario w
Raoseun pisan maké Toyota Rush.,neutral,neutral,positive,neutral,neutral,neutral,raoseun pisan maké toyota rush,['others'],raoseun pis mak toyota rush
"Xpander raoseun pisan dipakéna, sok aya di manah pokokna.",neutral,neutral,positive,neutral,neutral,neutral,xpander raoseun pisan dipakéna sok aya di manah pokokna,['others'],xpander raoseun pis dipakna sok aya di manah pokokna
Abdi mah geus nyaman maké Vario.,neutral,neutral,positive,neutral,neutral,neutral,abdi mah geus nyaman maké vario,['others'],abdi mah geus nyaman mak vario
Scoopy kacida ngabantu mobilisasi abdi sapopoe.,neutral,neutral,positive,neutral,neutral,neutral,scoopy kacida ngabantu mobilisasi abdi sapopoe,['others'],scoopy kacida ngabantu mobilisasi abdi sapopoe
"Puas pisan euy maké Spacy mah, sanajan tos teu diproduksi deui.",neutral,neutral,positive,neutral,neutral,neutral,puas pisan euy maké spacy mah sanajan tos teu diproduksi deui,['others'],puas pis euy mak spacy mah sanajan tos teu produksi deui
Mini Cooper pang geulisna di antara nu séjén.,neutral,neutral,positive,neutral,neutral,neutral,mini cooper pang geulisna di antara nu séjén,['others'],mini cooper pang geulisna di antara nu sjn
"Sacara gembleng mah, kuciwa jeung Grandmax.",neutral,neutral,negative,neutral,neutral,neutral,sacara gembleng mah kuciwa jeung grandmax,[],sacara gembleng mah kuciwa jeung grandmax
"Sumpah, Suzuki Carry alay pisan euy.",neutral,neutral,negative,neutral,neutral,neutral,sumpah suzuki carry alay pisan euy,[],sumpah suzuki carry alay pis euy
Reueus pisan upami maké Xpander.,neutral,neutral,positive,neutral,neutral,neutral,reueus pisan upami maké xpander,['others'],reueus pis upam mak xpander
"Honda Brio goréng, abdi hanjakal mésérna.",neutral,neutral,negative,neutral,neutral,neutral,honda brio goréng abdi hanjakal mésérna,[],honda brio gorng abdi hanjakal msrna
Bungah pisan maké Toyota Rush.,neutral,neutral,positive,neutral,neutral,neutral,bungah pisan maké toyota rush,['others'],bungah pis mak toyota rush
Nyaah pisan ka si leutik Calya.,neutral,neutral,positive,neutral,neutral,neutral,nyaah pisan ka si leutik calya,['others'],nyaah pis ka si leutik calya
"Sakedik hanjakal mésér Toyota C-HR, henteu cocog jeung bayangan abdi.",neutral,neutral,negative,neutral,neutral,neutral,sakedik hanjakal mésér toyota chr henteu cocog jeung bayangan abdi,[],sakedik hanjakal msr toyota chr henteu cocog jeung bayang abdi
"Jadi reueus kieu euy mun maké Alphard mah, haha.",neutral,neutral,positive,neutral,neutral,neutral,jadi reueus kieu euy mun maké alphard mah haha,['others'],jadi reueus kieu euy mun mak alphard mah haha
"Abdi maké Nissan Livina X-Gear 2009, nepi ka pamakean 98.000 km jarang rewél mesinna, kaki-kaki kénéh raoseun, bantingan masih oke.",neutral,positive,neutral,positive,neutral,neutral,abdi maké nissan livina xgear  nepi ka pamakean  km jarang rewél mesinna kakikaki kénéh raoseun bantingan masih oke,"['machine', 'part']",abdi mak nissan livina xgear nepi ka pamakean km jarang rewl mesinna kakikaki knh raoseun banting masih oke
"Abdi maké Grand Livina, tapi mesinna sok ngelitik terus, padahal tos tune up leuwih ti 3x. Ti baheula maké Shell, henteu kantos maké premium.",neutral,negative,neutral,neutral,neutral,neutral,abdi maké grand livina tapi mesinna sok ngelitik terus padahal tos tune up leuwih ti x ti baheula maké shell henteu kantos maké premium,[],abdi mak grand livina tapi mesinna sok ngelitik terus padahal tos tune up leuwih ti x ti baheula mak shell henteu kantos mak premium
"Abdi pangguna Livina jaman baheula, taun 2008 XV 1.8. Alhamdulillah, nepi ka ayeuna teu aya masalah ngelitik mesinna, lajuna raoseun.",neutral,positive,neutral,neutral,neutral,neutral,abdi pangguna livina jaman baheula taun  xv  alhamdulillah nepi ka ayeuna teu aya masalah ngelitik mesinna lajuna raoseun,['machine'],abdi pangguna livina jaman baheula taun xv alhamdulillah nepi ka ayeuna teu aya masalah ngelitik mesinna lajuna raoseun
"Nissan Grand Livina tarikanna lambat, mun dieusian 7 panumpang rada amblas.",neutral,negative,neutral,neutral,neutral,neutral,nissan grand livina tarikanna lambat mun dieusian  panumpang rada amblas,[],nissan grand livina tarikanna lambat mun dieusian panumpang rada amblas
"Yamaha Vega Force, motor berpedal nu bandel tur irit. Babaturan anu pas pikeun nyorang aktivitas & kasibukan anjeun, sobat.",positive,positive,neutral,neutral,neutral,neutral,yamaha vega force motor berpedal nu bandel tur irit babaturan anu pas pikeun nyorang aktivitas  kasibukan anjeun sobat,"['fuel', 'machine']",yamaha vega force motor pedal nu bandel tur irit babaturan anu pas pikeun nyorang aktivitas kasibukan anjeun sobat
"Jadi hayang mésér Honda Win100, si Honda bandel, irit, bisa dipaké di sagala médan, khususna médan Kaligawe nu cukup ekstrim. Cocok pisan pikeun padamel teuas.",positive,positive,positive,neutral,neutral,neutral,jadi hayang mésér honda win si honda bandel irit bisa dipaké di sagala médan khususna médan kaligawe nu cukup ekstrim cocok pisan pikeun padamel teuas,"['fuel', 'machine', 'others']",jadi hayang msr honda win si honda bandel irit bisa dipak di sagala mdan khususna mdan kaligawe nu cukup ekstrim cocok pis pikeun padamel teuas
"Kungsi bingung rék mésér motor naon anu irit, bodina éndah, mesinna kuat tur awét pikeun indit-balik damel jeung ojek online. Tapi pas aya babaturan nyarankeun mésér Honda Scoopy, sadaya kahariwang abdi béak ayeuna. :D",positive,positive,neutral,positive,neutral,neutral,kungsi bingung rék mésér motor naon anu irit bodina éndah mesinna kuat tur awét pikeun inditbalik damel jeung ojek online tapi pas aya babaturan nyarankeun mésér honda scoopy sadaya kahariwang abdi béak ayeuna d,"['fuel', 'machine', 'part']",kungsi bingung rk msr motor naon anu irit bodina ndah mesinna kuat tur awt pikeun inditbalik damel jeung ojek online tapi pas aya babaturan nyarankeun msr honda scoopy sadaya kahariwang abdi bak ayeuna d
Mesin Vario 125 memang pang gesitna di antara nu séjén.,neutral,positive,neutral,neutral,neutral,neutral,mesin vario  memang pang gesitna di antara nu séjén,['machine'],mesin vario memang pang gesitna di antara nu sjn
"Mesin lemes, spontan, BBM irit, gaya henteu katinggalan. Hapunteun mun pangalaman abdi béda jeung nu maké Vario 125 ESP séjén.",positive,positive,neutral,positive,neutral,neutral,mesin lemes spontan bbm irit gaya henteu katinggalan hapunteun mun pangalaman abdi béda jeung nu maké vario  esp séjén,"['fuel', 'machine', 'part']",mesin lemes spontan bbm irit gaya henteu katinggalan hapunteun mun pangalaman abdi bda jeung nu mak vario esp sjn
"Vario téh pang topna pikeun motor sapopoe, irit di BBM, raoseun pisan dipaké pikeun jarak jauh atanapi deukeut.",positive,neutral,positive,neutral,neutral,neutral,vario téh pang topna pikeun motor sapopoe irit di bbm raoseun pisan dipaké pikeun jarak jauh atanapi deukeut,"['fuel', 'others']",vario th pang topna pikeun motor sapopoe irit di bbm raoseun pis dipak pikeun jarak jauh atanapi deukeut
"Honda Vario 125 kakuatan ageung, langkung gancang, langkung irit, motor salawasna stabil dina jalan leutik, ogé langkung gampang dina jalan anu lega, langkung lincah.",positive,positive,neutral,neutral,neutral,neutral,honda vario  kakuatan ageung langkung gancang langkung irit motor salawasna stabil dina jalan leutik ogé langkung gampang dina jalan anu lega langkung lincah,"['fuel', 'machine']",honda vario kakuatan ageung langkung gancang langkung irit motor salawasna stabil dina jalan leutik og langkung gampang dina jalan anu lega langkung lincah
Gélo yén mesin Mobilio sering lapak.,neutral,negative,neutral,neutral,neutral,neutral,gélo yén mesin mobilio sering lapak,[],glo yn mesin mobilio sering lapak
"Mesin Xpander terus revving, kuring horrified.",neutral,negative,neutral,neutral,neutral,neutral,mesin xpander terus revving kuring horrified,[],mesin xpander terus revving kuring horrified
"Mesin Daihatsu Xenia sering turun, kampung!",neutral,negative,neutral,neutral,neutral,neutral,mesin daihatsu xenia sering turun kampung,[],mesin daihatsu xenia sering turun kampung
Mesin mobil babaturan kuring ngabeledug kamari. Anjeunna nganggo Xenia.,neutral,negative,neutral,neutral,neutral,neutral,mesin mobil babaturan kuring ngabeledug kamari anjeunna nganggo xenia,[],mesin mobil babaturan kuring ngabeledug kamar anjeunna nganggo xenia
"Honda Brio leutik, tapi mesinna teu gancang?",neutral,negative,neutral,neutral,neutral,neutral,honda brio leutik tapi mesinna teu gancang,[],honda brio leutik tapi mesinna teu gancang
"Kuring geus sababaraha taun ngagunakeun Xexi 2009, mesin masih mulus pisan.",neutral,positive,neutral,neutral,neutral,neutral,kuring geus sababaraha taun ngagunakeun xexi  mesin masih mulus pisan,['machine'],kuring geus sababaraha taun ngagunakeun xexi mesin masih mulus pis
Naha mobil Xpander kuring nyaring sora mesin anu nyaring?,neutral,negative,neutral,neutral,neutral,neutral,naha mobil xpander kuring nyaring sora mesin anu nyaring,[],naha mobil xpander kuring nyaring sora mesin anu nyaring
"The Toyota Calya boga mesin bener alus, gancang teuing.",neutral,positive,neutral,neutral,neutral,neutral,the toyota calya boga mesin bener alus gancang teuing,['machine'],the toyota calya boga mesin bener alus gancang teuing
Mesin Daihatsu Alya kurang kuat.,neutral,negative,neutral,neutral,neutral,neutral,mesin daihatsu alya kurang kuat,[],mesin daihatsu alya kurang kuat
"Kuring boga 2012 GL XV AT, Kuring pribadi bener ngahargaan Nissan alus sanggeus layanan jualan.",neutral,neutral,neutral,neutral,neutral,positive,kuring boga  gl xv at kuring pribadi bener ngahargaan nissan alus sanggeus layanan jualan,['service'],kuring boga gl xv at kuring pribadi bener ngahargaan nissan alus sanggeus layan jual
"Fu150 2014 murah pikeun ngajaga, ngajalankeun gancang jeung karasaeun alus lamun nyangkut dina lalulintas, euweuh urusan sabaraha leutik liang meunang.",neutral,positive,positive,neutral,neutral,positive,fu  murah pikeun ngajaga ngajalankeun gancang jeung karasaeun alus lamun nyangkut dina lalulintas euweuh urusan sabaraha leutik liang meunang,"['machine', 'others', 'service']",fu murah pikeun ngajaga ngajalankeun gancang jeung karasaeun alus lamun nyangkut dina lalulintas euweuh urus sabaraha leutik liang meunang
"Honda Spacy praktis cocog pikeun lalampahan anjeun. kotak tambahan hébat. Pangropéa gampang sareng suku cadang anu nyukupan. tarik hébat, sora lemes.",neutral,positive,positive,positive,neutral,positive,honda spacy praktis cocog pikeun lalampahan anjeun kotak tambahan hébat pangropéa gampang sareng suku cadang anu nyukupan tarik hébat sora lemes,"['machine', 'others', 'part', 'service']",honda spacy praktis cocog pikeun lalampahan anjeun kotak tambah hbat pangropa gampang sareng suku cadang anu nyukupan tarik hbat sora lemes
"Masalah nomer nomer Mangga laju motor Scoopy abdi, Pak. Masalahna, motor dugi ka tanggal 14 Desember. Nepi ka ayeuna tanggal 11 Januari piringna teu acan sumping. ceuk maksimum 15 poé gawé.",neutral,neutral,neutral,neutral,neutral,negative,masalah nomer nomer mangga laju motor scoopy abdi pak masalahna motor dugi ka tanggal  desember nepi ka ayeuna tanggal  januari piringna teu acan sumping ceuk maksimum  poé gawé,[],masalah nomer nomer mangga laju motor scoopy abdi pak masalahna motor dugi ka tanggal desember nepi ka ayeuna tanggal januari piringna teu acan sumping ceuk maksimum po gaw
"Honda Vario gaduh kakuatan anu saé, seueur bengkel resmi di daérah éta, seueur suku cadang, saatos penjualan anu saé.",neutral,positive,neutral,positive,positive,positive,honda vario gaduh kakuatan anu saé seueur bengkel resmi di daérah éta seueur suku cadang saatos penjualan anu saé,"['machine', 'part', 'price', 'service']",honda vario gaduh kakuatan anu sa seueur bengkel resmi di darah ta seueur suku cadang saatos jual anu sa
"STNK anyar sumping saatos 7 dinten. Upami ditingali dina tanggal cetak, prosesna ngan ukur 3 dinten, wah. Teras kenging info masalah GPS 2 minggu saatos STNK, janten bos Toyota terus ngudag, haha",neutral,neutral,neutral,neutral,neutral,negative,stnk anyar sumping saatos  dinten upami ditingali dina tanggal cetak prosesna ngan ukur  dinten wah teras kenging info masalah gps  minggu saatos stnk janten bos toyota terus ngudag haha,[],stnk anyar sumping saatos dinten upam ditingali dina tanggal cetak prosesna ngan ukur dinten wah teras kenging info masalah gps minggu saatos stnk janten bos toyota terus ngudag haha
"Nyatana, pangsi Fortuner nyalira kedah nyandak salapan bulan sapertos kieu, éta lami pisan.",neutral,neutral,neutral,neutral,neutral,negative,nyatana pangsi fortuner nyalira kedah nyandak salapan bulan sapertos kieu éta lami pisan,[],nyatana pangsi fortuner nyalira kedah nyandak salapan bulan sapertos kieu ta lam pis
"Pangsi X-Pander ngan ukur tilu bulan, ieu Esemka umur tilu taun, ieu mobil atanapi tank?",neutral,neutral,neutral,neutral,neutral,negative,pangsi xpander ngan ukur tilu bulan ieu esemka umur tilu taun ieu mobil atanapi tank,[],pangsi xpander ngan ukur tilu bulan ieu esemka umur tilu taun ieu mobil atanapi tank
Perasaan antara montir biasa sareng bengkel resmi leres-leres béda - _ - Bengkel resmi Honda leres-leres nyababkeun oli bocor sareng tarik pisan.,neutral,neutral,neutral,neutral,neutral,negative,perasaan antara montir biasa sareng bengkel resmi leresleres béda    bengkel resmi honda leresleres nyababkeun oli bocor sareng tarik pisan,[],asa antara montir biasa sareng bengkel resmi leresleres bda bengkel resmi honda leresleres nyababkeun oli bocor sareng tarik pis
"Masih teu aya mékanika, anu paling parah nyaéta jasana ti bengkel resmi Yamaha.",neutral,neutral,neutral,neutral,neutral,negative,masih teu aya mékanika anu paling parah nyaéta jasana ti bengkel resmi yamaha,[],masih teu aya mkanika anu paling parah nyata jasana ti bengkel resmi yamaha
"Ngaganti guncangan hareup & kabeh oli hargana 450 rebu di bengkel resmi Toyota, leuwih mahal batan bengkel biasa.",neutral,neutral,neutral,neutral,neutral,negative,ngaganti guncangan hareup  kabeh oli hargana  rebu di bengkel resmi toyota leuwih mahal batan bengkel biasa,[],ngaganti guncang hareup kabeh oli hargana rebu di bengkel resmi toyota leuwih mahal batan bengkel biasa
Asesoris di bengkel resmi AHASS lengkep pisan.,neutral,neutral,neutral,neutral,neutral,positive,asesoris di bengkel resmi ahass lengkep pisan,['service'],asesoris di bengkel resmi ahass lengkep pis
Bengkel henteu resmi sigana langkung aman tibatan bengkel resmi.,neutral,neutral,neutral,neutral,neutral,negative,bengkel henteu resmi sigana langkung aman tibatan bengkel resmi,[],bengkel henteu resmi sigana langkung aman tibatan bengkel resmi
"Upami anjeun hoyong mésér aksesoris Xpander, langkung saé angkat ka bengkel resmi Mitsubishi, langkung mirah sareng kualitasna saé.",neutral,neutral,neutral,neutral,neutral,positive,upami anjeun hoyong mésér aksesoris xpander langkung saé angkat ka bengkel resmi mitsubishi langkung mirah sareng kualitasna saé,['service'],upam anjeun hoyong msr aksesoris xpander langkung sa angkat ka bengkel resmi mitsubishi langkung mirah sareng kualitasna sa
"Mékanika di bengkel resmi sigana langkung terampil sareng berpengalaman, sanés?",neutral,neutral,neutral,neutral,neutral,positive,mékanika di bengkel resmi sigana langkung terampil sareng berpengalaman sanés,['service'],mkanika di bengkel resmi sigana langkung terampil sareng alam sans
Kuring sok ngalayanan éta di bengkel resmi sareng kuring sok wareg sareng jasa éta.,neutral,neutral,neutral,neutral,neutral,positive,kuring sok ngalayanan éta di bengkel resmi sareng kuring sok wareg sareng jasa éta,['service'],kuring sok ngalayanan ta di bengkel resmi sareng kuring sok wareg sareng jasa ta
"Ganti oli di bengkel resmi langkung mirah, guys.",neutral,neutral,neutral,neutral,neutral,positive,ganti oli di bengkel resmi langkung mirah guys,['service'],ganti oli di bengkel resmi langkung mirah guys
Kuring meunang layanan goréng di bengkel resmi Yamaha Cihampelas.,neutral,neutral,neutral,neutral,neutral,negative,kuring meunang layanan goréng di bengkel resmi yamaha cihampelas,[],kuring meunang layan gorng di bengkel resmi yamaha cihampelas
Bengkel resmi Nissan Indonesia gaduh umur jasa anu panjang.,neutral,neutral,neutral,neutral,neutral,negative,bengkel resmi nissan indonesia gaduh umur jasa anu panjang,[],bengkel resmi nissan indonesia gaduh umur jasa anu panjang
"Kuring dicat deui di bengkel resmi Toyota, hargana langkung mirah sareng hasilna nyugemakeun.",neutral,neutral,neutral,neutral,neutral,positive,kuring dicat deui di bengkel resmi toyota hargana langkung mirah sareng hasilna nyugemakeun,['service'],kuring cat deui di bengkel resmi toyota hargana langkung mirah sareng hasilna nyugemakeun
Desain luarna saé pisan.,neutral,neutral,neutral,positive,neutral,neutral,desain luarna saé pisan,['part'],desain luarna sa pis
"Abdi gaduh Nissan GL 2013 tapi masalahna nyaéta sukuna henteu karasa, kuring resep ngareureuhkeun.",neutral,neutral,neutral,negative,neutral,neutral,abdi gaduh nissan gl  tapi masalahna nyaéta sukuna henteu karasa kuring resep ngareureuhkeun,[],abdi gaduh nissan gl tapi masalahna nyata sukuna henteu karasa kuring resep ngareureuhkeun
Abdi gaduh GL 2012,neutral,neutral,neutral,positive,neutral,neutral,abdi gaduh gl,['part'],abdi gaduh gl
"Ridwan leres pisan, GL abdi oge gaduh masalah anu sami, khususna AC mah nuju kedinginan hahaha",neutral,neutral,neutral,negative,neutral,neutral,ridwan leres pisan gl abdi oge gaduh masalah anu sami khususna ac mah nuju kedinginan hahaha,[],ridwan les pis gl abdi oge gaduh masalah anu sami khususna ac mah nuju dingin hahaha
"Grand Livina ngan boga hiji cacad fatal nu ngajadikeun kuring teu resep, nyaéta yén teu boga blower ganda jeung AC sentral teu bener karasaeun alus dina terangan.",neutral,neutral,neutral,negative,neutral,neutral,grand livina ngan boga hiji cacad fatal nu ngajadikeun kuring teu resep nyaéta yén teu boga blower ganda jeung ac sentral teu bener karasaeun alus dina terangan,[],grand livina ngan boga hiji cacad fatal nu ngajadikeun kuring teu resep nyata yn teu boga blower ganda jeung ac sentral teu bener karasaeun alus dina terang
"AC Nissan GL henteu saé. Mun hujan pas make AC mah tiis pisan, mun teu make kaca kabut.",neutral,neutral,neutral,negative,neutral,neutral,ac nissan gl henteu saé mun hujan pas make ac mah tiis pisan mun teu make kaca kabut,[],ac nissan gl henteu sa mun hujan pas make ac mah tiis pis mun teu make kaca kabut
Abdi gaduh Livina 2008,neutral,neutral,neutral,positive,neutral,neutral,abdi gaduh livina,['part'],abdi gaduh livina
Jigana mah ngan hiji-hijina anu nganggap jok Mobilio baheula siga pocong.,neutral,neutral,neutral,negative,neutral,neutral,jigana mah ngan hijihijina anu nganggap jok mobilio baheula siga pocong,[],jigana mah ngan hijihijina anu nganggap jok mobilio baheula siga pocong
"Kuring ogé ngagunakeun mobilio facelift tipe E. Klaksonna diganti ku keong sabab sora aslina nyaring, teu pati resep kana sora nu murah.",neutral,neutral,neutral,negative,neutral,neutral,kuring ogé ngagunakeun mobilio facelift tipe e klaksonna diganti ku keong sabab sora aslina nyaring teu pati resep kana sora nu murah,[],kuring og ngagunakeun mobilio facelift tipe e klaksonna ganti ku keong sabab sora aslina nyaring teu pati resep kana sora nu murah
"Kualitas bahan Mobilio parah pisan, khususna dasbor sareng korsi, panto, katingalina ""mirah"".",neutral,neutral,neutral,negative,neutral,neutral,kualitas bahan mobilio parah pisan khususna dasbor sareng korsi panto katingalina mirah,[],kualitas bahan mobilio parah pis khususna dasbor sareng korsi panto katingalina mirah
"Pedalaman Fortuner langkung mewah, tapi leres-leres boros bensin.",negative,neutral,neutral,positive,neutral,neutral,pedalaman fortuner langkung mewah tapi leresleres boros bensin,['part'],dalam fortuner langkung mewah tapi leresleres boros bensin
Kumaha atuh FORTUNER teu gaduh kantong udara?,neutral,neutral,neutral,negative,neutral,neutral,kumaha atuh fortuner teu gaduh kantong udara,[],maha atuh fortuner teu gaduh kantong udara
"Pertama kali ningal XRide 125, langsung jatuh cinta kana penampilanna, jadi pas rek meuli mah teu loba mikir, langsung naek XRide, lampuna adem pisan, jokna nyaman, awak rada jangkung jadi teu nyeri mun tumpak boncengan, setangna modis pisan. Atoh, kuring resep pisan kana motor ieu.",neutral,neutral,neutral,positive,neutral,neutral,pertama kali ningal xride  langsung jatuh cinta kana penampilanna jadi pas rek meuli mah teu loba mikir langsung naek xride lampuna adem pisan jokna nyaman awak rada jangkung jadi teu nyeri mun tumpak boncengan setangna modis pisan atoh kuring resep pisan kana motor ieu,['part'],pertama kali ningal xride langsung jatuh cinta kana penampilanna jadi pas rek meuli mah teu loba mikir langsung naek xride lampuna adem pis jokna nyaman awak rada jangkung jadi teu nyeri mun tumpak bonceng setangna modis pis atoh kuring resep pis kana motor ieu
"Satria Fu dominan pisan di kelasna, bodi anu ringan tiasa ngajantenkeun lincah dina jalan anu macet, desain anu elegan sareng modern ngajantenkeun perhatian di jalan.",neutral,neutral,positive,positive,neutral,neutral,satria fu dominan pisan di kelasna bodi anu ringan tiasa ngajantenkeun lincah dina jalan anu macet desain anu elegan sareng modern ngajantenkeun perhatian di jalan,"['others', 'part']",satria fu dominan pis di kelasna bodi anu ringan tiasa ngajantenkeun lincah dina jalan anu macet desain anu elegan sareng modern ngajantenkeun perhati di jalan
Hal anu paling mangpaat ngeunaan Honda Spacy nyaéta yén éta leres-leres tiasa dibawa balanja sabab ku awakna gendut batangna otomatis lega sareng ruangan suku ogé tiasa nampung 2 galon cai mineral.,neutral,neutral,neutral,positive,neutral,neutral,hal anu paling mangpaat ngeunaan honda spacy nyaéta yén éta leresleres tiasa dibawa balanja sabab ku awakna gendut batangna otomatis lega sareng ruangan suku ogé tiasa nampung  galon cai mineral,['part'],hal anu paling mangpaat ngeunaan honda spacy nyata yn ta leresleres tiasa bawa balanja sabab ku awakna gendut batangna otomatis lega sareng ruang suku og tiasa nampung galon cai mineral
"Kaluaran PCX 2018 panganyarna pisan impressive. Harga tiasa langsung bersaing di kelasna. Daya tarikna henteu kurang, khususna desain, lampuna langkung futuristik tibatan anu sanés.",neutral,positive,positive,positive,positive,neutral,kaluaran pcx  panganyarna pisan impressive harga tiasa langsung bersaing di kelasna daya tarikna henteu kurang khususna desain lampuna langkung futuristik tibatan anu sanés,"['machine', 'others', 'part', 'price']",kaluaran pcx panganyarna pis impressive harga tiasa langsung saing di kelasna daya tarikna henteu kurang khususna desain lampuna langkung futuristik tibatan anu sans
"Abdi resep pisan kana jinis motor ieu. Scoopy . Sigana geulis, elegan jeung seksi. utamana pikeun awéwé kawas kuring.",neutral,neutral,neutral,positive,neutral,neutral,abdi resep pisan kana jinis motor ieu scoopy  sigana geulis elegan jeung seksi utamana pikeun awéwé kawas kuring,['part'],abdi resep pis kana jin motor ieu scoopy sigana geulis elegan jeung seksi utamana pikeun aww kawas kuring
"Motor scoopy gaduh desain anu langkung ekslusif sareng bentukna langkung ramping, janten langkung geulis sareng nyaman pikeun nyetir.",neutral,neutral,neutral,positive,neutral,neutral,motor scoopy gaduh desain anu langkung ekslusif sareng bentukna langkung ramping janten langkung geulis sareng nyaman pikeun nyetir,['part'],motor scoopy gaduh desain anu langkung ekslusif sareng bentukna langkung ramping janten langkung geulis sareng nyaman pikeun nyetir
"Motor Yamaha Nmax gaduh desain anu lucu sareng tiasa ngangkut barang anu lumayan, janten tiasa dibawa ka mana waé.",neutral,neutral,neutral,positive,neutral,neutral,motor yamaha nmax gaduh desain anu lucu sareng tiasa ngangkut barang anu lumayan janten tiasa dibawa ka mana waé,['part'],motor yamaha nmax gaduh desain anu lucu sareng tiasa ngangkut barang anu lumayan janten tiasa bawa ka mana wa
"Saur abdi mah Yamaha Nmax teh motor anu nyaman. Dina pamanggih kuring, awakna anu unik ngajadikeun kuring langkung percaya diri nalika ngagemna. Sumawona, warnana biasa tapi katingalina elegan, kaca spion pungkur ngamungkinkeun kuring ningali langkung lega di tukangeun kuring, ngajantenkeun kuring langkung gampang nyetir.",neutral,neutral,positive,positive,neutral,neutral,saur abdi mah yamaha nmax teh motor anu nyaman dina pamanggih kuring awakna anu unik ngajadikeun kuring langkung percaya diri nalika ngagemna sumawona warnana biasa tapi katingalina elegan kaca spion pungkur ngamungkinkeun kuring ningali langkung lega di tukangeun kuring ngajantenkeun kuring langkung gampang nyetir,"['others', 'part']",saur abdi mah yamaha nmax teh motor anu nyaman dina pamanggih kuring awakna anu unik ngajadikeun kuring langkung percaya diri nalika ngagemna sumawona warnana biasa tapi katingalina elegan kaca spion pungkur ngamungkinkeun kuring ningali langkung lega di tukangeun kuring ngajantenkeun kuring langkung gampang nyetir
Mobilio éfisién bahan bakar.,positive,neutral,neutral,neutral,neutral,neutral,mobilio éfisién bahan bakar,['fuel'],mobilio fisin bahan bakar
"Kanggo nu bingung milari motor, tinggal pilih yamaha, ti mimiti gawe nepi ka boga budak, yamaha mah masih keneh irit bahan bakar, pokokna mah yamaha nu pang alusna.",positive,neutral,positive,neutral,neutral,neutral,kanggo nu bingung milari motor tinggal pilih yamaha ti mimiti gawe nepi ka boga budak yamaha mah masih keneh irit bahan bakar pokokna mah yamaha nu pang alusna,"['fuel', 'others']",kanggo nu bingung milari motor tinggal pilih yamaha ti mimiti gawe nepi ka boga budak yamaha mah masih keneh irit bahan bakar pokokna mah yamaha nu pang alusna
"Abdi nembe ngagaleuh Suzuki Satria 1 sasih kapengker, awalna mah cangcaya sabab seueur anu nyarios motor ieu boros BBM, tapi ternyata leres.",negative,neutral,neutral,neutral,neutral,neutral,abdi nembe ngagaleuh suzuki satria  sasih kapengker awalna mah cangcaya sabab seueur anu nyarios motor ieu boros bbm tapi ternyata leres,[],abdi nembe ngagaleuh suzuki satria sasih kapengker awalna mah cangcaya sabab seueur anu nyarios motor ieu boros bbm tapi nyata les
"The Honda Scoopy sabenerna patepung ekspektasi kuring. Salian ti desainna anu keren, motor ieu dilengkepan ku rupa-rupa fitur sarta irit BBM pisan sabab bisa dipaké nepi ka saminggu.",positive,neutral,neutral,positive,neutral,neutral,the honda scoopy sabenerna patepung ekspektasi kuring salian ti desainna anu keren motor ieu dilengkepan ku ruparupa fitur sarta irit bbm pisan sabab bisa dipaké nepi ka saminggu,"['fuel', 'part']",the honda scoopy sabenerna patepung ekspektasi kuring sali ti desainna anu keren motor ieu dilengkepan ku ruparupa fitur sarta irit bbm pis sabab bisa dipak nepi ka saminggu
Tong ragu milih motor honda sabab irit bahan bakar sareng ramah lingkungan ku abdi dibuktikeun ku nyalira nganggo Honda Scoopy.,positive,neutral,neutral,neutral,neutral,neutral,tong ragu milih motor honda sabab irit bahan bakar sareng ramah lingkungan ku abdi dibuktikeun ku nyalira nganggo honda scoopy,['fuel'],tong ragu milih motor honda sabab irit bahan bakar sareng ramah lingkung ku abdi dibuktikeun ku nyalira nganggo honda scoopy
"Salian ti irit bahan bakar, motor Scoopy ogé stabil nalika nyetir.",positive,positive,neutral,neutral,neutral,neutral,salian ti irit bahan bakar motor scoopy ogé stabil nalika nyetir,"['fuel', 'machine']",sali ti irit bahan bakar motor scoopy og stabil nalika nyetir
"Dina pamanggih kuring, Vario 125 ekonomis jeung efisien, mesin téh dipercaya jeung kuat.",positive,positive,neutral,neutral,neutral,neutral,dina pamanggih kuring vario  ekonomis jeung efisien mesin téh dipercaya jeung kuat,"['fuel', 'machine']",dina pamanggih kuring vario ekonomis jeung efisien mesin th percaya jeung kuat
Vario 125 tiasa dibandingkeun ékonomi na sareng motor sanés di kelasna.,positive,neutral,neutral,neutral,neutral,neutral,vario  tiasa dibandingkeun ékonomi na sareng motor sanés di kelasna,['fuel'],vario tiasa dibandingkeun konomi na sareng motor sans di kelasna
Leres ngan ukur Avanza anu irit bahan bakar sareng irit.,positive,neutral,neutral,neutral,neutral,neutral,leres ngan ukur avanza anu irit bahan bakar sareng irit,['fuel'],les ngan ukur avanza anu irit bahan bakar sareng irit
"Xenia oge teu kurang efisien dina bensin, bro.",positive,neutral,neutral,neutral,neutral,neutral,xenia oge teu kurang efisien dina bensin bro,['fuel'],xenia oge teu kurang efisien dina bensin bro
Si Fortuner mah boros pisan kana BBM.,negative,neutral,neutral,neutral,neutral,neutral,si fortuner mah boros pisan kana bbm,[],si fortuner mah boros pis kana bbm
"Daihatsu Agya mah irit pisan kana béngsin, salian ti éta.",positive,neutral,neutral,neutral,neutral,neutral,daihatsu agya mah irit pisan kana béngsin salian ti éta,['fuel'],daihatsu agya mah irit pis kana bngsin sali ti ta
"Honda PCX rada boros BBM, hmm?",negative,neutral,neutral,neutral,neutral,neutral,honda pcx rada boros bbm hmm,[],honda pcx rada boros bbm hmm
"Lamun hayang irit BBM, leuwih hade make Honda Scoopy, sobat.",positive,neutral,neutral,neutral,neutral,neutral,lamun hayang irit bbm leuwih hade make honda scoopy sobat,['fuel'],lamun hayang irit bbm leuwih hade make honda scoopy sobat
Kumaha carana Nissan Grand LIvina meakeun béngsin jadi loba?,negative,neutral,neutral,neutral,neutral,neutral,kumaha carana nissan grand livina meakeun béngsin jadi loba,[],maha carana nissan grand livina meakeun bngsin jadi loba
"Xpander ieu gélo, boros pisan sabab kuring nganggo premium.",negative,neutral,neutral,neutral,neutral,neutral,xpander ieu gélo boros pisan sabab kuring nganggo premium,[],xpander ieu glo boros pis sabab kuring nganggo premium
Abdi gaduh Kijang Inova salami lima taun sareng konsumsi bensinna masih lumayan irit pikeun mobil anu lami.,positive,neutral,neutral,neutral,neutral,neutral,abdi gaduh kijang inova salami lima taun sareng konsumsi bensinna masih lumayan irit pikeun mobil anu lami,['fuel'],abdi gaduh kijang inova salam lima taun sareng konsumsi bensinna masih lumayan irit pikeun mobil anu lam
Kumaha atuh bensin Honda AR-V abdi akhir-akhir ieu boros pisan?,negative,neutral,neutral,neutral,neutral,neutral,kumaha atuh bensin honda arv abdi akhirakhir ieu boros pisan,[],maha atuh bensin honda arv abdi akhirakhir ieu boros pis
"Toyota Rush abdi nganggo béngsin saé pisan, di dieu. Nyaman dina saku.",positive,neutral,neutral,neutral,neutral,neutral,toyota rush abdi nganggo béngsin saé pisan di dieu nyaman dina saku,['fuel'],toyota rush abdi nganggo bngsin sa pis di dieu nyaman dina saku
"Teu hayang make Vios, bener-bener boros bensin. Abdi nyasab.",negative,neutral,neutral,neutral,neutral,neutral,teu hayang make vios benerbener boros bensin abdi nyasab,[],teu hayang make vios benerbener boros bensin abdi nyasab
"Jujur, motor Yahama R15 V3 leres-leres sobat kuring. Hargana ekonomis sareng mesinna tangguh.",neutral,positive,neutral,neutral,positive,neutral,jujur motor yahama r v leresleres sobat kuring hargana ekonomis sareng mesinna tangguh,"['machine', 'price']",jujur motor yahama r v leresleres sobat kuring hargana ekonomis sareng mesinna tangguh
Merk Honda PCX nyaéta kandaraan bermotor anu miboga ajén jual luhur jeung desain éksklusif,neutral,neutral,neutral,positive,positive,neutral,merk honda pcx nyaéta kandaraan bermotor anu miboga ajén jual luhur jeung desain éksklusif,"['part', 'price']",merk honda pcx nyata kandaraan motor anu miboga ajn jual luhur jeung desain ksklusif
"Honda Vario ngabogaan rarancang anu salawasna nyumponan kabutuhan jaman kiwari, sarta ogé irit.",neutral,neutral,neutral,positive,positive,neutral,honda vario ngabogaan rarancang anu salawasna nyumponan kabutuhan jaman kiwari sarta ogé irit,"['part', 'price']",honda vario ngabogaan rarancang anu salawasna nyumponan kabutuhan jaman kiwari sarta og irit
"Kalayan harga anu murah, kami ngagaduhan kendaraan ekslusif kanggo kelas otomatis ngalangkungan Honda Scoopy.",neutral,neutral,neutral,neutral,positive,neutral,kalayan harga anu murah kami ngagaduhan kendaraan ekslusif kanggo kelas otomatis ngalangkungan honda scoopy,['price'],kalayan harga anu murah kami ngagaduhan kendara ekslusif kanggo kelas otomatis ngalangkungan honda scoopy
"Sekedar inpormasi, Avanza 1300 otomatis ayeuna 10 - 15 juta langkung mahal",neutral,neutral,neutral,neutral,negative,neutral,sekedar inpormasi avanza  otomatis ayeuna    juta langkung mahal,[],dar inpormasi avanza otomatis ayeuna juta langkung mahal
"Kalayan hargana anu murah, mobil Avanza ieu masih populer di kalangan masarakat Indonésia salaku mobil pilihan kulawarga",neutral,neutral,neutral,neutral,positive,neutral,kalayan hargana anu murah mobil avanza ieu masih populer di kalangan masarakat indonésia salaku mobil pilihan kulawarga,['price'],kalayan hargana anu murah mobil avanza ieu masih populer di kalang masarakat indonsia sala mobil pilih kulawarga
"Beuki datang ka dieu, harga Avanza beuki mahal.",neutral,neutral,neutral,neutral,negative,neutral,beuki datang ka dieu harga avanza beuki mahal,[],beuki datang ka dieu harga avanza beuki mahal
"Harga saatos-jualan pikeun Xenia masih tinggi, guys!",neutral,neutral,neutral,neutral,positive,neutral,harga saatosjualan pikeun xenia masih tinggi guys,['price'],harga saatosjualan pikeun xenia masih tinggi guys
Harga purna jual Honda Mobilio turun bro.,neutral,neutral,neutral,neutral,negative,neutral,harga purna jual honda mobilio turun bro,[],harga purna jual honda mobilio turun bro
"Lamun hayang murah, meuli Brio, éta rupa pikeun kulawarga leutik.",neutral,neutral,neutral,neutral,positive,neutral,lamun hayang murah meuli brio éta rupa pikeun kulawarga leutik,['price'],lamun hayang murah meuli brio ta rupa pikeun kulawarga leutik
Yamaha Mio ekonomis pikeun kulawarga kelas menengah.,neutral,neutral,neutral,neutral,positive,neutral,yamaha mio ekonomis pikeun kulawarga kelas menengah,['price'],yamaha mio ekonomis pikeun kulawarga kelas tengah
Anu paling cocog pikeun mahasiswa nyaéta Vario tina segi harga.,neutral,neutral,neutral,neutral,positive,neutral,anu paling cocog pikeun mahasiswa nyaéta vario tina segi harga,['price'],anu paling cocog pikeun mahasiswa nyata vario tina segi harga
Harga Revo,neutral,neutral,neutral,neutral,positive,neutral,harga revo,['price'],harga revo
"Kalayan spésifikasi sapertos kitu, Yamaha Nmax leres-leres mahal.",neutral,neutral,neutral,neutral,negative,neutral,kalayan spésifikasi sapertos kitu yamaha nmax leresleres mahal,[],kalayan spsifikasi sapertos kitu yamaha nmax leresleres mahal
"Teu hayang meuli Aerox 155, awon jeung mahal teuing.",neutral,neutral,negative,neutral,negative,neutral,teu hayang meuli aerox  awon jeung mahal teuing,[],teu hayang meuli aerox awon jeung mahal teuing
"Honda Scoopy eSP ternyata mahal dipasaran, jadi males beli.",neutral,neutral,neutral,neutral,negative,neutral,honda scoopy esp ternyata mahal dipasaran jadi males beli,[],honda scoopy esp nyata mahal pasar jadi males beli
"Upami anjeun hoyong mobil anu saé sareng murah, anjeun tiasa milih Daihatsu Terios.",neutral,neutral,positive,neutral,positive,neutral,upami anjeun hoyong mobil anu saé sareng murah anjeun tiasa milih daihatsu terios,"['others', 'price']",upam anjeun hoyong mobil anu sa sareng murah anjeun tiasa milih daihatsu terios
Naha harga Grandmax naék?,neutral,neutral,neutral,neutral,negative,neutral,naha harga grandmax naék,[],naha harga grandmax nak
"Lanceukna meser Suzuki Carry, teu matak mahal hargana.",neutral,neutral,neutral,neutral,negative,neutral,lanceukna meser suzuki carry teu matak mahal hargana,[],lanceukna meser suzuki carry teu matak mahal hargana
"Toyota Calya mobil alus, harga alus.",neutral,neutral,positive,neutral,positive,neutral,toyota calya mobil alus harga alus,"['others', 'price']",toyota calya mobil alus harga alus
"Abdi teu heran ku Honda, éta bener pelit lamun datang ka fitur",neutral,neutral,neutral,negative,neutral,neutral,abdi teu heran ku honda éta bener pelit lamun datang ka fitur,[],abdi teu heran ku honda ta bener pelit lamun datang ka fitur
"Seueur suku cadang kanggo mesin Toyota Avanza, gampang perawatan, éta pangalaman kuring gaduh Avanza",neutral,positive,neutral,positive,neutral,positive,seueur suku cadang kanggo mesin toyota avanza gampang perawatan éta pangalaman kuring gaduh avanza,"['machine', 'part', 'service']",seueur suku cadang kanggo mesin toyota avanza gampang awat ta pangalaman kuring gaduh avanza
"Toyota katelah perusahaan Otto anu paling nguntungkeun, éta sababna harga produkna mahal",neutral,neutral,neutral,neutral,negative,neutral,toyota katelah perusahaan otto anu paling nguntungkeun éta sababna harga produkna mahal,[],toyota kate usaha otto anu paling nguntungkeun ta sababna harga produkna mahal
Desain Avanza beuki tiis,neutral,neutral,neutral,positive,neutral,neutral,desain avanza beuki tiis,['part'],desain avanza beuki tiis
Kuring ogé milih Brio ... senang nyandak di jalan,neutral,neutral,positive,neutral,neutral,neutral,kuring ogé milih brio  senang nyandak di jalan,['others'],kuring og milih brio senang nyandak di jalan
"Koperna teu kunanaon. Engké mun balik ka kampung, bisa mawa béas sabungkus",neutral,neutral,neutral,positive,neutral,neutral,koperna teu kunanaon engké mun balik ka kampung bisa mawa béas sabungkus,['part'],koperna teu kunanaon engk mun balik ka kampung bisa mawa bas sabungkus
Abdi langkung milih Fortuner tibatan Pajero,neutral,neutral,negative,neutral,neutral,neutral,abdi langkung milih fortuner tibatan pajero,[],abdi langkung milih fortuner tibatan pajero
Fortuner langkung irit bahan bakar tibatan Pajero,negative,neutral,neutral,neutral,neutral,neutral,fortuner langkung irit bahan bakar tibatan pajero,[],fortuner langkung irit bahan bakar tibatan pajero
Anu leuwih alus deui mah bentuk awak Fortuner leuwih tiis tibatan Pajero.,neutral,neutral,neutral,negative,neutral,neutral,anu leuwih alus deui mah bentuk awak fortuner leuwih tiis tibatan pajero,[],anu leuwih alus deui mah bentuk awak fortuner leuwih tiis tibatan pajero
"Tbh suspensi Pajero langkung nyaman, sareng mesinna langkung mulus",neutral,positive,neutral,positive,neutral,neutral,tbh suspensi pajero langkung nyaman sareng mesinna langkung mulus,"['machine', 'part']",tbh suspensi pajero langkung nyaman sareng mesinna langkung mulus
"Dina hal desain interior & exterior, Fortuner leuwih hade tinimbang Pajero",neutral,neutral,neutral,negative,neutral,neutral,dina hal desain interior  exterior fortuner leuwih hade tinimbang pajero,[],dina hal desain interior exterior fortuner leuwih hade timbang pajero
"Abdi henteu lepat milih Pajero Dakar, mesinna mulus sareng gaduh kakuatan anu saé",neutral,positive,neutral,neutral,neutral,neutral,abdi henteu lepat milih pajero dakar mesinna mulus sareng gaduh kakuatan anu saé,['machine'],abdi henteu lepat milih pajero dakar mesinna mulus sareng gaduh kakuatan anu sa
"Pajero langkung kuat, mesinna tangguh",neutral,positive,neutral,neutral,neutral,neutral,pajero langkung kuat mesinna tangguh,['machine'],pajero langkung kuat mesinna tangguh
Pajero langkung nyaman sareng gaduh mesin anu langkung kuat pikeun jalan-jalan ka gunung,neutral,positive,positive,neutral,neutral,neutral,pajero langkung nyaman sareng gaduh mesin anu langkung kuat pikeun jalanjalan ka gunung,"['machine', 'others']",pajero langkung nyaman sareng gaduh mesin anu langkung kuat pikeun jalanjalan ka gunung
Jigana Pajero anyar leuwih hade tinimbang Toyota Fortuner anyar,neutral,neutral,negative,neutral,neutral,neutral,jigana pajero anyar leuwih hade tinimbang toyota fortuner anyar,[],jigana pajero anyar leuwih hade timbang toyota fortuner anyar
"Sumuhun, Pajero meunang sakabéh",neutral,neutral,positive,neutral,neutral,neutral,sumuhun pajero meunang sakabéh,['others'],sumuhun pajero meunang sakabh
"Salaku pamaké Pajero Sport Dakar, mesin sabenerna luar biasa, unggal tarikan dipirig ku sora turbo melodious.",neutral,positive,neutral,neutral,neutral,neutral,salaku pamaké pajero sport dakar mesin sabenerna luar biasa unggal tarikan dipirig ku sora turbo melodious,['machine'],sala pamak pajero sport dakar mesin sabenerna luar biasa unggal tari dipirig ku sora turbo melodious
Kuring resep desain mewah Pajero ti mimiti ngagaleuh,neutral,neutral,neutral,positive,neutral,neutral,kuring resep desain mewah pajero ti mimiti ngagaleuh,['part'],kuring resep desain mewah pajero ti mimiti ngagaleuh
Keur kuring mah Pajero sport Dakar... sabab desain awakna leuwih tenang jeung powerna alus...,neutral,positive,neutral,positive,neutral,neutral,keur kuring mah pajero sport dakar sabab desain awakna leuwih tenang jeung powerna alus,"['machine', 'part']",keur kuring mah pajero sport dakar sabab desain awakna leuwih tenang jeung powerna alus
Kuring tetep milih Fortuner sabab éta saé sareng méwah,neutral,neutral,positive,neutral,neutral,neutral,kuring tetep milih fortuner sabab éta saé sareng méwah,['others'],kuring tetep milih fortuner sabab ta sa sareng mwah
"Tina segi fitur, kanyamanan sareng kasalametan, saur kuring, Pajero meunang jauh ...",neutral,neutral,positive,positive,neutral,neutral,tina segi fitur kanyamanan sareng kasalametan saur kuring pajero meunang jauh,"['others', 'part']",tina segi fitur kanyamanan sareng kasalametan saur kuring pajero meunang jauh
Fortuner ngagaduhan cacad mesin sareng transmisi,neutral,negative,neutral,neutral,neutral,neutral,fortuner ngagaduhan cacad mesin sareng transmisi,[],fortuner ngagaduhan cacad mesin sareng transmisi
Leuwih alus Pajero ti Fortuner,neutral,neutral,negative,neutral,neutral,neutral,leuwih alus pajero ti fortuner,[],leuwih alus pajero ti fortuner
Desain pungkur tina Pajero teu pisan alus,neutral,neutral,neutral,negative,neutral,neutral,desain pungkur tina pajero teu pisan alus,[],desain pungkur tina pajero teu pis alus
Kuring make Pajero Sport Dakar 4x2 nu jelas rongkah,neutral,neutral,positive,neutral,neutral,neutral,kuring make pajero sport dakar x nu jelas rongkah,['others'],kuring make pajero sport dakar x nu jelas rong
Kuring milih Pajero,neutral,neutral,positive,neutral,neutral,neutral,kuring milih pajero,['others'],kuring milih pajero
"Dina jihat awak sareng kakuatan, Pajero langkung unggul",neutral,positive,neutral,positive,neutral,neutral,dina jihat awak sareng kakuatan pajero langkung unggul,"['machine', 'part']",dina jihat awak sareng kakuatan pajero langkung unggul
Kuring pribadi leuwih resep Fortuner,neutral,neutral,positive,neutral,neutral,neutral,kuring pribadi leuwih resep fortuner,['others'],kuring pribadi leuwih resep fortuner
Pajero Sport langkung seueur bahan bakar,negative,neutral,neutral,neutral,neutral,neutral,pajero sport langkung seueur bahan bakar,[],pajero sport langkung seueur bahan bakar
Jigana desain pungkur tina Pajero masih alus,neutral,neutral,neutral,positive,neutral,neutral,jigana desain pungkur tina pajero masih alus,['part'],jigana desain pungkur tina pajero masih alus
"Bisi wae, fortuner tetep meunang",neutral,neutral,positive,neutral,neutral,neutral,bisi wae fortuner tetep meunang,['others'],bis wae fortuner tetep meunang
Fortuner lemah tapi Pajero kuat,neutral,neutral,positive,neutral,neutral,neutral,fortuner lemah tapi pajero kuat,['others'],fortuner lemah tapi pajero kuat
"Lamun Fortuner meunang dina interior, éta alus",neutral,neutral,neutral,positive,neutral,neutral,lamun fortuner meunang dina interior éta alus,['part'],lamun fortuner meunang dina interior ta alus
"Kuring bakal milih eeeeeeee atawa naon, tapi éta alus",neutral,neutral,positive,neutral,neutral,neutral,kuring bakal milih eeeeeeee atawa naon tapi éta alus,['others'],kuring bakal milih eeeeeeee atawa naon tapi ta alus
Pajero Sport ngagaduhan fitur anu langkung canggih tibatan Fortuner,neutral,neutral,neutral,negative,neutral,neutral,pajero sport ngagaduhan fitur anu langkung canggih tibatan fortuner,[],pajero sport ngagaduhan fitur anu langkung canggih tibatan fortuner
"Ahirna kuring karek meuli Pajero CKD, mahal tapi boga fitur kaamanan lengkep",neutral,neutral,neutral,positive,negative,neutral,ahirna kuring karek meuli pajero ckd mahal tapi boga fitur kaamanan lengkep,['part'],ahirna kuring karek meuli pajero ckd mahal tapi boga fitur kaamanan lengkep
Pajero leuwih kuat batan Fortuner,neutral,neutral,negative,neutral,neutral,neutral,pajero leuwih kuat batan fortuner,[],pajero leuwih kuat batan fortuner
Pajero gaduh kakuatan 181 ps langkung ageung tibatan Fortuner,neutral,negative,neutral,neutral,neutral,neutral,pajero gaduh kakuatan  ps langkung ageung tibatan fortuner,[],pajero gaduh kakuatan ps langkung ageung tibatan fortuner
"Perkawis mesin Xpander, geterna langkung lancar, sorana langkung lancar",neutral,positive,neutral,neutral,neutral,neutral,perkawis mesin xpander geterna langkung lancar sorana langkung lancar,['machine'],perkawis mesin xpander geterna langkung lancar sorana langkung lancar
MPV langkung seueur ngeunaan kanyamanan ... mana anu anjeun hoyong pilih terserah anu mésér ...,neutral,neutral,positive,neutral,neutral,neutral,mpv langkung seueur ngeunaan kanyamanan  mana anu anjeun hoyong pilih terserah anu mésér,['others'],mpv langkung seueur ngeunaan kanyamanan mana anu anjeun hoyong pilih serah anu msr
Rush katingalina kirang pikaresepeun,neutral,neutral,neutral,negative,neutral,neutral,rush katingalina kirang pikaresepeun,[],rush katingalina kirang pikaresepeun
Kuring milih Rush sabab éta tiis di jero,neutral,neutral,neutral,positive,neutral,neutral,kuring milih rush sabab éta tiis di jero,['part'],kuring milih rush sabab ta tiis di jero
"Abdi gaduh Lexi salami saminggu, dibandingkeun sareng anu sateuacana, kuring langkung nyaman.",neutral,neutral,positive,neutral,neutral,neutral,abdi gaduh lexi salami saminggu dibandingkeun sareng anu sateuacana kuring langkung nyaman,['others'],abdi gaduh lexi salam saminggu dibandingkeun sareng anu sateuacana kuring langkung nyaman
Motor Honda CBR nyaman jeung gampang dikontrol,neutral,neutral,positive,neutral,neutral,neutral,motor honda cbr nyaman jeung gampang dikontrol,['others'],motor honda cbr nyaman jeung gampang kontrol
Freed mangrupikeun mobil karesep kulawarga kuring.,neutral,neutral,positive,neutral,neutral,neutral,freed mangrupikeun mobil karesep kulawarga kuring,['others'],freed mangrupikeun mobil karesep kulawarga kuring
Wuling Cortez teu aya bandinganana dina kasejukna.,neutral,neutral,positive,neutral,neutral,neutral,wuling cortez teu aya bandinganana dina kasejukna,['others'],wuling cortez teu aya bandinganana dina kasejukna
"Gemblengna, Wuling jelas langkung saé tibatan Mobilio",neutral,neutral,negative,neutral,neutral,neutral,gemblengna wuling jelas langkung saé tibatan mobilio,[],gemblengna wuling jelas langkung sa tibatan mobilio
"Aerox sadis bro, jalanna gancang, hanjakal teu datang ka Indonesia",neutral,positive,neutral,neutral,neutral,neutral,aerox sadis bro jalanna gancang hanjakal teu datang ka indonesia,['machine'],aerox sadis bro jalanna gancang hanjakal teu datang ka indonesia
"Penanganan Yamaha Lexi gaduh kakuatan anu hébat, henteu aya ragu sabab gaduh téknologi VVA.",neutral,positive,neutral,positive,neutral,neutral,penanganan yamaha lexi gaduh kakuatan anu hébat henteu aya ragu sabab gaduh téknologi vva,"['machine', 'part']",tangan yamaha lexi gaduh kakuatan anu hbat henteu aya ragu sabab gaduh tknologi vva
"Upami anjeun balap, Brio lumpat langkung lincah tibatan Mobilio",neutral,negative,neutral,neutral,neutral,neutral,upami anjeun balap brio lumpat langkung lincah tibatan mobilio,[],upam anjeun balap brio lumpat langkung lincah tibatan mobilio
Abdi parantos nganggo Wuling Confero ampir 1 taun. Mesinna henteu rewel. BBM teu kunanaon.,positive,positive,neutral,neutral,neutral,neutral,abdi parantos nganggo wuling confero ampir  taun mesinna henteu rewel bbm teu kunanaon,"['fuel', 'machine']",abdi parantos nganggo wuling confero ampir taun mesinna henteu rewel bbm teu kunanaon
Vario lalaunan. Euweuh lumpat.,neutral,negative,neutral,neutral,neutral,neutral,vario lalaunan euweuh lumpat,[],vario lalaunan euweuh lumpat
Mio boga kakuatan kuat batan Vario slow,neutral,negative,neutral,neutral,neutral,neutral,mio boga kakuatan kuat batan vario slow,[],mio boga kakuatan kuat batan vario slow
Inden Wuling Cortez teu lila ngantri,neutral,neutral,neutral,neutral,neutral,positive,inden wuling cortez teu lila ngantri,['service'],inden wuling cortez teu lila ngantri
"Abdi tos teu acan service di Nissan Sunter, servicena awon sareng palayanan ngaco",neutral,neutral,neutral,neutral,neutral,negative,abdi tos teu acan service di nissan sunter servicena awon sareng palayanan ngaco,[],abdi tos teu acan service di nissan sunter servicena awon sareng palayanan ngaco
"Kuciwa ka bengkel Bendan Suzuki, pagaweanana teu hade. Nyeuseup.",neutral,neutral,neutral,neutral,neutral,negative,kuciwa ka bengkel bendan suzuki pagaweanana teu hade nyeuseup,[],kuciwa ka bengkel bendan suzuki pagaweanana teu hade nyeuseup
"Formo baris kadua, korsi nu bener goréng.",neutral,neutral,neutral,negative,neutral,neutral,formo baris kadua korsi nu bener goréng,[],formo baris kadua korsi nu bener gorng
"Sajauh kuring terang, Suzuki Splash teu dilengkepan airbags.",neutral,neutral,neutral,negative,neutral,neutral,sajauh kuring terang suzuki splash teu dilengkepan airbags,[],sajauh kuring terang suzuki splash teu dilengkepan airbags
"Dina hal éksternal, kuring resep Brio tibatan Calya",neutral,neutral,neutral,negative,neutral,neutral,dina hal éksternal kuring resep brio tibatan calya,[],dina hal ksternal kuring resep brio tibatan calya
Jazz téh irit bahan bakar jadi ogé ngahemat duit.,positive,neutral,neutral,neutral,neutral,neutral,jazz téh irit bahan bakar jadi ogé ngahemat duit,['fuel'],jazz th irit bahan bakar jadi og ngahemat duit
